<MissionPackageManifest version="2">
  <Configuration>
    <Parameter name="name" value="34plogn-red-tak1.1gs20.net" />
    <Parameter name="uid" value="371ea78c-8c61-47e6-8fae-02231e06f801" />
    <Parameter name="onReceiveDelete" value="false"/>
  </Configuration>
  <Contents>
    <Content zipEntry="34plogn-red.p12" ignore="false" />
    <Content zipEntry="34plogn-red.pref" ignore="false" />
    <Content zipEntry="osm.xml" ignore="false" />
    <Content zipEntry="truststore-DWOT-TAK-CA-INT.p12" ignore="false" />
  </Contents>
</MissionPackageManifest>

